wallet_micro_behavioral_classification,user_count,avg_balance_slope,avg_redemption_rate,avg_scratch_velocity,avg_expiry_rate,avg_time_to_redemption_days,avg_stock_to_flow_ratio
Dormant Wallet Holders,18,1.8896795133276723,0.052977970185991624,0.8409483923300572,0.0,13.8137386230347,2.292283737064469
Future Redeemers,15,1.9336278738430246,0.04907766907126683,0.8815709482471275,0.0,5.054564075134397,2.208122775405442
Wallet Hoarders,483,3.2550149682660883,0.04938903446545901,0.8476819008741348,0.0,10.339873286280437,2.322183578926609
